{
    "normal": {
        "error": "❌",
        "check": "",
        "music": "<:uo_music:1030336901443502090>",
        "volume": "<:uo_voice_channel:1030338680763719760>",
        "ball": "<:uo_8ball:1030342061532139551>",
        "christmas": "<:uo_Christmas:1030342092188287066> ",
        "heart": "<:uo_heart:1030342355259228190>",
        "paper": "<:uo_paper:1030342446812500098>",
        "scissors": "<:uo_scissor:1030342607445970985>",
        "stone": "<:uo_rock:1030342701113167953>",
        "pong": "<:uo_ping_pong:1030342811364630529>",
        "birthday": "<:uo_birthday:1030343088012529704>",
        "clock": "<:uo_clock:1030343693183488030>",
        "gift": "<:uo_gift:1030343786947170304>",
        "medal": "<:uo_medal:1030343869637853194>",
        "party": "<:uo_party:1030343950478884874>",
        "info": "<:uo_info:1030344062500356166>",
        "arrowDown": "<:uo_arrow_down:1030344252208721990>",
        "arrowUp": "<:uo_arrow_up:1030344338644946975>",
        "dcredits": "<a:IconCreditCard:951665483118162001>",
        "tv": "<:uo_tv:1030307174158704661>",
        "slash": "<:uoBot_icon_slash:1030344688101756978>"
    },

    "Bot": {
        "add": "<:uo_add:1030344793798230046>",
        "info": "<:uo_info:1030344062500356166>",
        "min": "<:uo_min:1030345089949638687>"
    },

    "economy": {
        "pocket": "<:uo_pocket:1030386503374880768>",
        "bank": "<:up_bank:1030386622203711508>",
        "coins": "<:uo_dcoin:1030386707511652352>"
    },

    "music": {
        "next": "<:uo_Next:1030386822762725417>",
        "pause": "<:uo_Pause:1030386919303036968>",
        "previous": "<:uo_Previous:1030387025670574110>",
        "stop": "<:uo_Stop:1030387109552463934>",
        "play": "<:uo_Play:1030387189705605151>"
    },

    "badges": {
        "bot": "<:uo_BotsManeger:1030435709078745199>",
        "management": "<:uo_Management:1030647232854233088>",
        "bug": "<:uo_BugHunter:1030647354300321802>",
        "developer": "<:developer:1023054400622694500>",
        "supporter": "<:up_Supporter:1030647994946699294>",
        "team": "<:uo_Team:1030648110831112252>",
        "booster": "<:uo_Booster:1030648231052451933>",
        "partner": "<a:partner:1025605466514018314>",
        "voter": "<:uo_BotVoter:1030648479271362631>",
        "support": "<:uo_BotSupport:1030648724751401051>",
        "moderator": "<:mod_shield:1030388175178321971>",
        "designer": "<:uo_BotDesigner:1030649075751727195>",
        "active": "<:uo_BotActive:1030649171755139133>",
        "event": "<:uo_BotEvent:1030649267267846154>",
        "vip": "<:uo_BotVip:1030649365859151872>",
        "marketing": "<:uo_BotMarketing:1030649472193146960>"
    },

    "animated": {
        "loading": "<a:emote:1030387549656596511>"
    }
}
