{
    "startLogs": {
        "id": "1030330347713482812",
        "token": "JAgEJFaEKvEd3DIHOHe8G-wB9mIPFjri1CysNk3sBb-7o85q2Ci_CRoBbfhQk4WIJoHN"
    },
    "shardLogs": {
        "id": "1030330542920572938",
        "token": "8AKTeyv4-oVHjtkBXGGcQ6g0u4p75DWbaBx6XoFpHxRD1LLZmndrFXQWM9QnnO7DI_bL"
    },
    "errorLogs": {
        "id": "1030331713571803156",
        "token": "0nDDwl-Ux8E1THEqnvLkDsQs_VFqjljOVMtVZwKr-U8YpVDLv4V9CGplBQnpIIJqPJDR"
    },
    "dmLogs": {
        "id": "1030331917482074163",
        "token": "XUEEOXZhe5wyltPVH6NJ5PNe59AtNuZ0NTuEXsgN-xs_ERfKQVcJfDwj3R-9j33bPEj4"
    },
    "voiceLogs": {
        "id": "1030332287474225152",
        "token": "zsKh9dxl9kTOn7rY9VCv-lX__lC6jCpp1TKRmHUStX2o1bSz_NahhZ36x_QQxmJ8UcDP"
    },
    "serverLogs": {
        "id": "1030361153643225098",
        "token": "On9bd-Wd6sAtYEGYkOSPbmc_F_Dmb-CRL1Zvhe1jHNPCjMitSc-RLGBGJE2hiBktFu5D"
    },
    "serverLogs2": {
        "id": "1030361153643225098",
        "token": "On9bd-Wd6sAtYEGYkOSPbmc_F_Dmb-CRL1Zvhe1jHNPCjMitSc-RLGBGJE2hiBktFu5D"
    },
    "commandLogs": {
        "id": "1030492319931187261",
        "token": "yy3Xom8lnTlcaTOOPJpLbgBiVIW4sc8wPzBKFx0qq7bakigEkPO76XIOLhlF5KCKRYum"
    },
    "consoleLogs": {
        "id": "1030332998257737768",
        "token": "me-XgjNV0Xe_ee8M2qpjjJntxH9riFlQ1lcug48H_UCqdUk8JDRqQ7cKlBl7Ymuqtp6r"
    },
    "warnLogs": {
        "id": "1030333188486205461",
        "token": "_sthCJ99EbUVGXE-iAcBMgDr-xncIc9xoxeNo20gLvJ8smAp8NfqDfZbF_Sw92b5mDil"
    },
    "voiceErrorLogs": {
        "id": "1030333387375919175",
        "token": "u8eVoJ7jFdu42NL6B87lR5CjYuU54QEEHf0m3F64bXjgsLp6iRPEtvF_Ivpgr5P9L7ru"
    },
    "creditLogs": {
        "id": "1030334430792912906",
        "token": "rCCvqVJP52kTxPkWWGodVa-3bTlnwclm8R9IGFLQrT-8P9Dn2VxvDPatdWC7gSjNXLtY"
    },
    "evalLogs": {
        "id": "1030334617103912981",
        "token": "_LdW7tXTKOmHuy-chzGAhKvCeUVf1v35URhmDa3jHnRIy_2xv5KEYzs_KImamK10hfoq"
    },
    "interactionLogs": {
        "id": "1030334877477896272",
        "token": "ORyBO-BPNe028AY8MortkibJcyLCAUWHmgNZMXEkvLNWOL7qEwj-iTChCm6bLrMuSLW3"
    }
}